Pipelines/Datasets,cneuromod,Khanlab/BigBrainMRICoreg,BigBrain_3DSurfaces,preventad-open-bids,SIMON-dataset,Comparing_Perturbation_Modes_for_Evaluating_Instabilities_in_Neuroimaging__Processed_NKI_RS_Subset__08_2019_,BigBrain,Numerically_Perturbed_Structural_Connectomes_from_100_individuals_in_the_NKI_Rockland_Dataset,PERFORM_Dataset__one_control_subject
fsl_bet,x,,,,,x,,x,
BIDS app example,x,,,,,x,,x,
MCFLIRT,x,,,,,,,,
Dipy Tracking and Connectome Generation,,,,,,x,,x,
ndmg,,,,,,x,,x,
oneVoxel,x,,,,,x,,x,
DTIFit,,,,,,x,,x,
BIDS App - FSL Diffusion Preprocessing,,,,,,x,,x,
BIDS App - ndmg,,,,,,x,,x,
fsl_probtrackx2,,,,,,x,,x,
BEst,,,,,,,,,
FLIRT,x,,,,,x,,x,
fsl_fast,x,,,,,,,,
FNIRT,x,,,,,x,,x,
TOPUP,,,,,,,,,
mask2boundary,x,,,,,x,,x,
ApplyWarp,x,,,,,x,,x,
BEDPOSTX5,,,,,,,,,
ApplyTOPUP,,,,,,,,,
FslBet601,x,,,,,x,,x,
fsl_anat,x,,,,,x,,x,
